{"cameraMode":{"drawMode":0,"name":"Shaded","section":"Shading Mode"},"sceneLighting":true,"audioPlay":false,"sceneViewState":{"showFog":true,"showMaterialUpdate":false,"showSkybox":true,"showFlares":true,"showImageEffects":true,"showParticleSystems":true},"in2DMode":false,"pivot":{"x":-33.03438186645508,"y":-131.8414306640625,"z":-183.10330200195313},"rotation":{"x":0.0319187194108963,"y":-0.9448216557502747,"z":0.3113667666912079,"w":0.09789353609085083},"size":243.39544677734376,"orthographic":false}